[
    {
        "东1舍（原东院一公寓1）": "000004",
        "东2舍（原东院一公寓2）": "000005",
        "东3舍（原东院一公寓3）": "000006",
        "东4舍（原东院二公寓1）": "000007",
        "东5舍（原东院二公寓2）": "000008",
        "东6舍（原东院二公寓3）": "000009",
        "东7舍（原东院7舍）": "000010",
        "东8舍（原东院9舍）": "000011",
        "东9舍（原东院10舍）": "000012",
        "东10舍（原东院11舍）": "000001",
        "东11舍（原东院12舍）": "000002",
        "东12舍（原东院13舍）": "000003",
        "东院4舍（留学生）": "000013",
        "东院5舍（留学生）": "000014"
    },
    {
        "西12舍（原西院12栋）": "000021",
        "西13舍（原西院13栋）": "000022",
        "北1舍（原学海21栋）": "000015",
        "北2舍（原鉴湖9栋）": "000016",
        "北3舍（原鉴湖10栋）": "000017",
        "北4舍（原鉴湖11栋）": "000018",
        "北5舍（原鉴湖12栋）": "000019",
        "学海1舍（原学海16栋）": "000032",
        "学海2舍（原学海18栋）": "000035",
        "学海3舍（原学海20栋）": "000036",
        "学海4舍（原学海15栋）": "000037",
        "学海5舍（原学海17栋）": "000038",
        "学海6舍（原学海19栋）": "000039",
        "学海18栋商业门面": "000030",
        "学海19栋商业门面": "000031",
        "学海20栋商业门面": "000033",
        "学海21栋商业门面": "000034"
    },
    {
        "西1舍（原西院1栋）": "000023",
        "西2舍（原西院2栋）": "000024",
        "西3舍（原西院3栋）": "000025",
        "西4舍（原西院4栋）": "000026",
        "西5舍（原西院8栋）": "000027",
        "西院留学生公寓": "000028",
        "西院外教楼": "000029",
        "狮城公寓": "000020"
    },
    {
        "慧园1舍（原南湖南1）": "000040",
        "慧园2舍（原南湖南2）": "000041",
        "慧园3舍（原南湖南3）": "000042",
        "慧园4舍（原南湖南4）": "000043",
        "慧园5舍（原南湖南5）": "000044",
        "慧园6舍（原南湖南6）": "000045",
        "越园1舍（原南湖留9N）": "000046",
        "越园2舍（原南湖留9S）": "000047",
        "越园3舍": "000064",
        "越园4舍": "000048",
        "越园5舍": "000049",
        "越园6舍": "000050",
        "越园7舍": "000051",
        "智园1舍（原南湖北8）": "000052",
        "智园2舍（原南湖北6）": "000053",
        "智园3舍（原南湖北5）": "000054",
        "智园4舍（原南湖北4）": "000055",
        "智园5舍（原南湖北3）": "000056",
        "智园6舍（原南湖北2）": "000057",
        "智园7舍（原南湖北1）": "000058",
        "智园8舍（原南湖北7）": "000059",
        "智园9舍": "000065",
        "智园10舍": "000062",
        "智园11舍": "000063"
    }
]